Word,Count
*,28
server,22
on,21
command,20
Redis,19
Execute,18
with,16
Alex,14
(alex@nekipelov.net),14
(C),14
Copyright,14
Nekipelov,14
arguments,14
MIT,14
,14
License:,14
a,12
Return,12
if,12
is,11
to,10
the,10
value,8
type,8
true,8
an,8
redis,6
array,6
as,4
error,4
for,4
Connect,4
of,4
otherwise,4
returns,4
channel,4
will,3
empty,3
message,3
be,3
backward,3
optimize,3
Subscribe,3
TODO,3
me,3
compatibility,3
argument,2
six,2
two,2
std::vector<char>,2
std::string,2
Handler,2
five,2
called,2
handler,2
string;,2
four,2
string/byte,2
msgHandler,2
Alias,2
custom,2
publish,2
Set,2
byte,2
list,2
seven,2
someone,2
three,2
when,2
one,2
Unsubscribe,2
Remove,1
REDISCLIENT_CONFIG_H,1
Use,1
REDISCLIENT_VERSION_H,1
subscribe-handler,1
REDISCLIENT_REDISPARSER_CPP,1
clear,1
REDISSYNCCLIENT_REDISCLIENT_H,1
REDISCLIENT_REDISVALUE_H,1
handle,1
int,1
dump,1
(DLL),1
REDISCLIENT_REDISCLIENTIMPL_CPP,1
REDISCLIENT_REDISCLIENT_H,1
REDISSYNCCLIENT_REDISBUFFER_H,1
Default,1
header-only,1
array;,1
after,1
string,1
Build,1
call,1
connected,1
null,1
return,1
it,1
Nil,1
and,1
REDISCLIENT_REDISCLIENTIMPL_H,1
REDISASYNCCLIENT_REDISASYNCCLIENT_CPP,1
not,1
unsubscribed,1
Window,1
Call,1
stop,1
std::vector<RedisValue>,1
REDISCLIENT_REDISPARSER_H,1
queue,1
isByteArray(),1
REDISCLIENT_REDISVALUE_CPP,1
dynamic,1
isString();,1
channel;,1
representation,1
REDISCLIENT_REDISSYNCCLIENT_CPP,1
int;,1
Empty,1
compilation,1
library,1
0.4.4,1
0,1
content,1
Publish,1
from,1
REDISASYNCCLIENT_REDISCLIENT_H,1
disconnect,1
this,1
subscription,1
unsubscribe,1
